# Магазин

CREATE TABLE Категории(НомерКатегории INT  PRIMARY KEY, Название VARCHAR(15));
CREATE TABLE Товары(ШтрихКод INT PRIMARY KEY, НазваниеТовара VARCHAR(15), Производитель VARCHAR(15), НомерКатегории INT, Цена INT);
CREATE TABLE Кассир(НомерКассы INT, Дата DATE, Смена INT, ФИОКассира VARCHAR(15));
CREATE TABLE Скидки(НомерСкидки INT PRIMARY KEY, ШтрихКодТовара INT, ДатаНачалаПериодаСкидки DATE, ДатаКонцаПериодаСкидки DATE, ЦенаСоСкидкой INT);
CREATE TABLE ДисконтныеКарты(НомерКарты INT PRIMARY KEY, Накопления INT, ФИОКлиента VARCHAR(15), ПроцентСкидки INT);
CREATE TABLE Чек(НомерЧека INT, ДатаЧека DATE, НомерКассы INT, Смена INT, НомерКарты INT, ОбщаяСкидка INT, ОбщаяСтоимость INT);
CREATE TABLE ЗаписьЧека(НомерЧека INT, ШтрихКодТовара INT, Количество INT);

INSERT INTO Категории(НомерКатегории, Название) VALUES 
(1, 'Phones'),
(2, 'Laptops'),
(3, 'Tablets');

INSERT INTO Товары(ШтрихКод, НазваниеТовара, Производитель, НомерКатегории, Цена) VALUES 
(1, 'NokiaPhone', 'Nokia', 1, 4000),
(2, 'AndroidPhone', 'Samsung', 1, 3000),
(3, 'ChinaPhone', 'DNS', 1, 1500),
(4, 'TypicalLaptop', 'ASUS', 2, 20000),
(5, 'UltraLaptop', 'Samsung', 2, 50000),
(6, 'SmallLaptop', 'ASUS', 2, 25000),
(7, 'WindoTablet', 'Nokia', 3, 20000),
(8, 'NexusTablet', 'LG', 3, 19000),
(9, 'ChinaTablet', 'DNS', 3, 8000);

INSERT INTO Кассир(НомерКассы, Дата, Смена, ФИОКассира) VALUES 
(1, '2016-01-16', 1, 'Hakimova A'),
(2, '2016-01-16', 1, 'Gilmanova E'),
(1, '2016-01-16', 2, 'Chihirev O'),
(2, '2016-01-16', 2, 'Zaharov A'),
(1, '2016-01-17', 1, 'Hakimova A'),
(2, '2016-01-17', 1, 'Gilmanova E'),
(1, '2016-01-17', 2, 'Chihirev O'),
(2, '2016-01-17', 2, 'Zaharov A'),
(1, '2016-01-18', 1, 'Azimov A'),
(2, '2016-01-18', 1, 'Podvitskaya E'),
(1, '2016-01-18', 2, 'Magizova R'),
(2, '2016-01-18', 2, 'Lipatov V'),
(1, '2016-01-19', 1, 'Azimov A'),
(2, '2016-01-19', 1, 'Podvitskaya E'),
(1, '2016-01-19', 2, 'Magizova R'),
(2, '2016-01-19', 2, 'Lipatov V'),
(1, '2016-01-20', 1, 'Ulyanov D'),
(2, '2016-01-20', 1, 'Muhametzyanov E'),
(1, '2016-01-20', 2, 'Ismagilov M'),
(2, '2016-01-20', 2, 'Kozlov D');

INSERT INTO Скидки(НомерСкидки, ШтрихКодТовара, ДатаНачалаПериодаСкидки, ДатаКонцаПериодаСкидки, ЦенаСоСкидкой) VALUES 
(1, 1, '2016-01-17', '2016-01-27', 3999),
(2, 2, '2016-01-17', '2016-01-27', 2999),
(3, 3, '2016-01-17', '2016-01-27', 1499),
(4, 4, '2016-01-17', '2016-01-27', 19999),
(5, 5, '2016-01-17', '2016-01-27', 49999),
(6, 6, '2016-01-17', '2016-01-27', 24999),
(7, 7, '2016-01-17', '2016-01-27', 19999);

INSERT INTO ДисконтныеКарты(НомерКарты, Накопления, ФИОКлиента, ПроцентСкидки) VALUES 
(1, 200, 'Mihailov', 1),
(2, 5000, 'Andrianova', 10),
(3, 10000, 'Tagirov', 100),
(4, 10000, 'КонтрольнаяЗакупка', 10);

INSERT INTO Чек(НомерЧека, ДатаЧека, НомерКассы, Смена, НомерКарты, ОбщаяСкидка, ОбщаяСтоимость) VALUES 
(1, '2016-01-18', 1, 1, 1, 40, 3960),
(2, '2016-01-18', 1, 2, 2, 2000, 18000),
(3, '2016-01-19', 2, 2, 3, 120000, 0),
(4, '2016-01-19', 1, 1, 4, 15057, 150500);

INSERT INTO ЗаписьЧека(НомерЧека, ШтрихКодТовара, Количество) VALUES 
(1, 1, 1),
(2, 4, 1),
(3, 5, 2),
(3, 7, 1),
(4, 1, 1),
(4, 2, 1),
(4, 3, 1),
(4, 4, 1),
(4, 5, 1),
(4, 6, 1),
(4, 7, 1),
(4, 8, 1),
(4, 9, 1);

# Вывести покупателя, который никогда не покупал товары заданной категории.
# Пусть заданная категория - 'Laptops'.

SELECT ФИОКлиента FROM ДисконтныеКарты WHERE НомерКарты NOT IN
(
	SELECT НомерКарты FROM Чек INNER JOIN ЗаписьЧека ON ЗаписьЧека.НомерЧека = Чек.НомерЧека
	WHERE ШтрихКодТовара IN 
	(
		SELECT ШтрихКод FROM Товары WHERE НомерКатегории IN
        ( 
			SELECT НомерКатегории FROM Категории 
            WHERE Название = 'Laptops'
		)
	)
);

# Найти список всех товаров, на которые имеются скидки в конкретный день
# и которые в этот день не покупались.

SELECT НазваниеТовара FROM Товары INNER JOIN Скидки
ON Товары.ШтрихКод = Скидки.ШтрихКодТовара
AND Скидки.ДатаНачалаПериодаСкидки <= '2016-01-18'
AND '2016-01-18' <= Скидки.ДатаКонцаПериодаСкидки
AND Товары.ШтрихКод NOT IN 
(
	SELECT ШтрихКодТовара FROM ЗаписьЧека INNER JOIN Чек
    ON ЗаписьЧека.НомерЧека = Чек.НомерЧека
    AND ДатаЧека = '2016-01-18'
);

# Вывести список категорий товаров, с указанием количества товаров этой категории, 
# на которые, на конкретную дату, имеются скидки.
SELECT Название, count(ШтрихКод) FROM Категории 
INNER JOIN Товары ON Категории.НомерКатегории = Товары.НомерКатегории
INNER JOIN Скидки ON Товары.ШтрихКод = Скидки.ШтрихКодТовара
AND Скидки.ДатаНачалаПериодаСкидки <= '2016-01-18'
AND '2016-01-18' <= Скидки.ДатаКонцаПериодаСкидки
GROUP BY Название;

# Найти список всех товаров которые не покупались в конкретный день.
SELECT НазваниеТовара FROM Товары WHERE ШтрихКод NOT IN
(
	SELECT ШтрихКодТовара FROM ЗаписьЧека INNER JOIN Чек
    ON Чек.НомерЧека = ЗаписьЧека.НомерЧека
    AND Чек.ДатаЧека='2016-01-18'
);

# Найти всех кассиров, указав их ФИО и смену, которые оформили за смену чеки на наибольшую сумму, 
# на конкретную, заданную пользователем дату.
SELECT ФИОкассира, Смена FROM Кассир 
WHERE (Смена, НомерКассы) IN
(
	SELECT Смена, НомерКассы FROM Чек 
    WHERE Чек.ДатаЧека='2016-01-18'
    GROUP BY Смена, НомерКассы
	HAVING MAX(ОбщаяСтоимость)=(SELECT MAX(ОбщаяСтоимость) FROM Чек)
) 
AND Кассир.Дата = '2016-01-18';

# Найти чек, в котором присутствуют товары всех категорий, которые продаются в магазине.

SELECT НомерЧека FROM 
( 
	SELECT DISTINCT Чек.НомерЧека, НомерКатегории FROM Чек
	INNER JOIN ЗаписьЧека
	ON Чек.НомерЧека = ЗаписьЧека.НомерЧека
    INNER JOIN Товары
    ON Товары.ШтрихКод = ЗаписьЧека.ШтрихКодТовара
) AS ЧекиПоКатегориям
GROUP BY НомерЧека 
HAVING count(*) = (SELECT count(*) FROM Категории);

# Вывести категорию, товары которой чаще всего покупались в конкретную дату.
SELECT Название FROM Категории
WHERE НомерКатегории IN
(
	SELECT НомерКатегории FROM (
		SELECT НомерКатегории, MAX(ЧислоПокупок) FROM (
			SELECT Категории.НомерКатегории, count(Количество) AS ЧислоПокупок
            FROM Категории INNER JOIN Товары
            ON Категории.НомерКатегории = Товары.НомерКатегории
            INNER JOIN ЗаписьЧека
            ON Товары.ШтрихКод = ЗаписьЧека.ШтрихКодТовара
            INNER JOIN Чек
            ON ЗаписьЧека.НомерЧека = Чек.НомерЧека
            AND Чек.ДатаЧека = '2016-01-18'
            GROUP BY Категории.НомерКатегории
        ) AS КоличествоПокупокПоКатегориям
    ) AS ПодходящиеКатегории
);

 


