# Мастерская
CREATE TABLE ВидыТехники(НомерВидаТехники INT PRIMARY KEY, НазваниеВидаТехники VARCHAR(15)); 
CREATE TABLE Запчасти(НомерЗапчасти INT PRIMARY KEY , НазваниеЗапчасти VARCHAR(15), НомерВидаТехники INT); 
CREATE TABLE ВидыПоломок(НомерВидаПоломки INT, НомерВидаТехники INT, ОписаниеПоломки VARCHAR(20),
Стоимость INT); 
CREATE TABLE Клиенты(НомерКлиента INT PRIMARY KEY, ФИОКлиента VARCHAR(15), Адрес VARCHAR(15), Телефон VARCHAR(15)); 
CREATE TABLE ЗаявкаНаРемонт(НомерЗаявки INT PRIMARY KEY, НомерКлиента INT, НомерВидаПоломки INT, 
НомерВидаТехники INT, ДатаПриемаЗаявки VARCHAR(15), СрокИсполнения VARCHAR(15), Стоимость INT); 
CREATE TABLE Сотрудники(НомерСотрудника INT, ФИОСотрудника VARCHAR(15), НомерВидаТехники INT);
CREATE TABLE ВыполнениеЗаявки(НомерЗаявки INT PRIMARY KEY, НомерСотрудника INT, НомерЗапчасти INT, Количество INT);

INSERT INTO ВидыТехники VALUES 
(1, 'Phones'), 
(2, 'Laptops');

INSERT INTO Запчасти(НомерЗапчасти, НазваниеЗапчасти, НомерВидаТехники) VALUES 
(1, 'Accumulator', 1),
(2, 'Stilus', 1),
(3, 'Accumulator', 2),
(4, 'Display', 2);

INSERT INTO ВидыПоломок(НомерВидаПоломки, НомерВидаТехники, ОписаниеПоломки,
Стоимость) VALUES 
(1, 1, 'Прикольная', 100),
(2, 2, 'Ноут-кирпич', 10000);

INSERT INTO Клиенты(НомерКлиента, ФИОКлиента, Адрес, Телефон) VALUES 
(1, 'Ivanov', '', ''),
(2, 'Hackami', '', ''),
(3, 'Andrianova', '', ''),
(4, 'Minihanov', '', '');

INSERT INTO ЗаявкаНаРемонт(НомерЗаявки, НомерКлиента, НомерВидаПоломки, 
НомерВидаТехники, ДатаПриемаЗаявки, СрокИсполнения, Стоимость) VALUES
(1, 1, 1, 1, '', '', 100),
(2, 2, 2, 2, '', '', 10000),
(3, 2, 2, 2, '', 'никогда', 10000),
(4, 2, 2, 2, '', 'когда-нибудь', 10000),
(5, 3, 2, 2, '', '', 10000),
(6, 3, 1, 1, '', '', 10000),
(7, 4, 1, 1, '', '', 0),
(8, 4, 1, 1, '', '//second phone', 0),
(9, 4, 2, 2, '', '', 0);

INSERT INTO Сотрудники(НомерСотрудника, ФИОСотрудника, НомерВидаТехники) VALUES 
(1, 'Employee Mobile', 1),
(2, 'Employee2', 2),
(3, 'God', 1),
(3, 'God', 2);

INSERT INTO ВыполнениеЗаявки(НомерЗаявки, НомерСотрудника, НомерЗапчасти, Количество) VALUES
(1, 1, 1, 1),
(2, 2, 4, 1),
(3, 2, 4, 1),
(4, 1, 1, 1),
(5, 2, 4, 1),
(6, 1, 1, 1);

# Вывести все виды техники, с указанием вида поломок этой техники, 
# на ремонт которых поступает наибольшее число заявок.

DROP TABLE IF EXISTS ПоломкиПоВидамТехники;
CREATE TEMPORARY TABLE ПоломкиПоВидамТехники AS
SELECT ВидыПоломок.НомерВидаТехники, ВидыПоломок.НомерВидаПоломки, ОписаниеПоломки, count(*) AS ЧислоПоломокВида 
	FROM ЗаявкаНаРемонт 
	INNER JOIN ВидыПоломок
	ON ВидыПоломок.НомерВидаТехники = ЗаявкаНаРемонт.НомерВидаТехники
	GROUP BY НомерВидаТехники, НомерВидаПоломки;
    
CREATE TEMPORARY TABLE МаксимумЗаявокПоВидам AS
SELECT НомерВидаТехники, MAX(ЧислоПоломокВида) AS Максимум FROM ПоломкиПоВидамТехники
GROUP BY НомерВидаТехники;
            
SELECT НазваниеВидаТехники, ОписаниеПоломки FROM 
ВидыТехники LEFT JOIN ПоломкиПоВидамТехники 
ON ПоломкиПоВидамТехники.НомерВидаТехники = ВидыТехники.НомерВидаТехники
AND ПоломкиПоВидамТехники.ЧислоПоломокВида IN 
(
	SELECT Максимум FROM МаксимумЗаявокПоВидам 
    WHERE МаксимумЗаявокПоВидам.НомерВидаТехники = ВидыТехники.НомерВидаТехники
);

# Найти клиентов, которые оформляли заявки на ремонт всех видов техники.
SELECT ФИОКлиента FROM Клиенты WHERE НомерКлиента IN
(
	SELECT НомерКлиента FROM ЗаявкаНаРемонт
	GROUP BY НомерКлиента 
	HAVING count(DISTINCT НомерВидаТехники) = (SELECT count(НомерВидаТехники) FROM ВидыТехники) 
);

# Найти сотрудника, который может ремонтировать все виды техники.
SELECT DISTINCT ФИОСотрудника FROM Сотрудники 
WHERE НомерСотрудника IN
(
	SELECT НомерСотрудника FROM Сотрудники 
	GROUP BY НомерСотрудника 
	HAVING count(НомерВидаТехники) = (SELECT count(НомерВидаТехники) FROM ВидыТехники AS ЧислоВидов)
);

# Найти клиентов, которые оформляли заявки на ремонт только одного виды техники.
SELECT ФИОКлиента FROM Клиенты 
WHERE НомерКлиента IN
(
	SELECT НомерКлиента FROM ЗаявкаНаРемонт
	GROUP BY НомерКлиента 
	HAVING count(DISTINCT НомерВидаТехники)=1
);

# Найти вид техники, заявки на ремонт которого поступили наибольшее число раз.
CREATE TEMPORARY TABLE ЧислоЗаявокПоВидам AS
SELECT НомерВидаТехники, count(НомерЗаявки) AS ЧислоЗаявок FROM ЗаявкаНаРемонт 
GROUP BY НомерВидаТехники;

SELECT @НаибольшееЧислоЗаявок := MAX(ЧислоЗаявок) FROM ЧислоЗаявокПоВидам;
            
SELECT НазваниеВидаТехники FROM ВидыТехники 
INNER JOIN ЧислоЗаявокПоВидам
ON ВидыТехники.НомерВидаТехники = ЧислоЗаявокПоВидам.НомерВидаТехники
AND ЧислоЗаявок = @НаибольшееЧислоЗаявок;

# Вывести все виды техники с указанием общего количества заявок на их ремонт.
SELECT НазваниеВидаТехники, count(ЗаявкаНаРемонт.НомерВидаТехники) FROM ВидыТехники
LEFT JOIN ЗаявкаНаРемонт
ON ЗаявкаНаРемонт.НомерВидаТехники = ВидыТехники.НомерВидаТехники
GROUP BY ВидыТехники.НомерВидаТехники;

# Вывести запчасти, которые расходуются чаще всего.
CREATE TEMPORARY TABLE ЧислоЗаявокПоЗапчастям AS
SELECT НомерЗапчасти, count(НомерЗаявки) AS ЧислоЗаявок 
FROM ВыполнениеЗаявки
GROUP BY НомерЗапчасти;

SELECT @max := MAX(ЧислоЗаявок) FROM ЧислоЗаявокПоЗапчастям;
            
SELECT НазваниеЗапчасти FROM Запчасти
INNER JOIN  ЧислоЗаявокПоЗапчастям
ON ЧислоЗаявокПоЗапчастям.НомерЗапчасти = Запчасти.НомерЗапчасти
AND ЧислоЗаявок = @max;

# Вывести тех сотрудников, которые реже остальных используют запчасти при ремонте
CREATE TEMPORARY TABLE ИспользованиеЗапчастейПоСотрудникам AS
SELECT НомерСотрудника, count(Количество) AS ЧислоИспользований FROM ВыполнениеЗаявки
WHERE Количество > 0
GROUP BY НомерСотрудника;

SELECT @МинимумЗапчастей := MIN(ЧислоИспользований) FROM ИспользованиеЗапчастейПоСотрудникам;

SELECT DISTINCT ФИОСотрудника FROM Сотрудники 
LEFT JOIN ИспользованиеЗапчастейПоСотрудникам
ON Сотрудники.НомерСотрудника = ИспользованиеЗапчастейПоСотрудникам.НомерСотрудника
AND ИспользованиеЗапчастейПоСотрудникам.ЧислоИспользований = @МинимумЗапчастей;




